"","r","Fmsy","Bbmsy","B","Bmsy","Fcur","species"
"2020",0.568938252698324,0.284469126349162,0.720848848676991,29917.161635122,41502.6835237795,0.40407226674024,"CTC_diva"
