"","r","Fmsy","Bbmsy","B","Bmsy","Fcur","species"
"2020",0.479909933674949,0.239954966837474,0.554677322780611,4352.80139781481,7847.44791078551,0.34059861139367,"SJA_Trust"
