"","r","Fmsy","Bbmsy","B","Bmsy","Fcur","species"
"2020",0.490148941896295,0.245074470948148,0.617907762410786,5314.63482810129,8601.01644841956,0.284825506894145,"SJA_ssa"
