"","r","Fmsy","Bbmsy","B","Bmsy","Fcur","species"
"2020",0.572321774530458,0.286160887265229,0.69903889880853,28951.2995258217,41415.8633735081,0.422779956063823,"CTC_ssa"
