"","r","Fmsy","Bbmsy","B","Bmsy","Fcur","species"
"2020",0.566863492925272,0.283431746462636,0.98066126666687,20920.6435291204,21333.2006067974,0.248537704798491,"MTS_diva"
