"","r","Fmsy","Bbmsy","B","Bmsy","Fcur","species"
"2020",0.525329015915724,0.262664507957862,1.05759761725806,63150.0544852692,59710.8517027417,0.234025462983573,"SOL_Trust"
