"","r","Fmsy","Bbmsy","B","Bmsy","Fcur","species"
"2020",0.520320018911466,0.260160009455733,1.04045946692018,63866.0793932775,61382.5732032834,0.232535760055362,"SOL_prop"
