"","r","Fmsy","Bbmsy","B","Bmsy","Fcur","species"
"2020",0.485409026568815,0.242704513284407,0.589405970515814,4829.68211799735,8194.15200998166,0.306730308363685,"SJA_diva"
