"","r","Fmsy","Bbmsy","B","Bmsy","Fcur","species"
"2020",0.570395212113328,0.285197606056664,0.687213136795623,28772.5277946874,41868.4193507266,0.429591567094702,"CTC_pred"
