"","r","Fmsy","Bbmsy","B","Bmsy","Fcur","species"
"2020",0.563085720626734,0.281542860313367,0.694369475649762,29168.3160296041,42006.9099412955,0.422564827407025,"CTC_Trust"
