"","r","Fmsy","Bbmsy","B","Bmsy","Fcur","species"
"2020",0.548468013189233,0.274234006594617,0.967763516141505,21213.9374826878,21920.5799028964,0.247725275448182,"MTS_ssa"
