"","r","Fmsy","Bbmsy","B","Bmsy","Fcur","species"
"2020",0.550901348822844,0.275450674411422,0.982543419641647,21972.7403134532,22363.1239843498,0.241687986249192,"MTS_Trust"
