"","r","Fmsy","Bbmsy","B","Bmsy","Fcur","species"
"2020",0.480329507945508,0.240164753972754,0.598287044653235,4945.06870482481,8265.37821438362,0.307126724555021,"SJA_pred"
