"","r","Fmsy","Bbmsy","B","Bmsy","Fcur","species"
"2020",0.491879689252479,0.245939844626239,0.623958240547528,5218.02971802446,8362.78676830295,0.288936447325254,"SJA_prop"
