"","r","Fmsy","Bbmsy","B","Bmsy","Fcur","species"
"2020",0.525506663367184,0.262753331683592,1.07999203740779,65802.2216980444,60928.4322650966,0.219359869906623,"SOL_pred"
