"","r","Fmsy","Bbmsy","B","Bmsy","Fcur","species"
"2020",0.526136899944164,0.263068449972082,1.09594970558795,66490.8932633287,60669.6574891252,0.2118413897216,"SOL_diva"
