"","r","Fmsy","Bbmsy","B","Bmsy","Fcur","species"
"2020",0.561604850791977,0.280802425395988,0.988430138623839,21507.9516385307,21759.7084488698,0.248268644476113,"MTS_prop"
