"","r","Fmsy","Bbmsy","B","Bmsy","Fcur","species"
"2020",0.538260857361154,0.269130428680577,1.10901268634218,67109.6185820589,60512.9403915158,0.221016108988608,"SOL_ssa"
