"","r","Fmsy","Bbmsy","B","Bmsy","Fcur","species"
"2020",0.568770853399509,0.284385426699755,0.753561097570741,31618.4157884111,41958.6625296072,0.390729245195467,"CTC_prop"
