"","r","Fmsy","Bbmsy","B","Bmsy","Fcur","species"
"2020",0.573928984370905,0.286964492185453,0.993094993151636,21202.0220662939,21349.440096368,0.25319720049981,"MTS_pred"
