"Stratum","Area","StratumWeight"
"STR1_17",11361,0.268023969047844
"STR2_17",8410,0.198405209021421
"STR3_17",22466,0.530008492969708
"STR1_SLO",151,0.00356232896102671
